[{
        "Name": "AmStackMlpEuPreprod02ObservabilityIPSet",
        "Priority": 0,
        "Statement": {
            "IPSetReferenceStatement": {
                "ARN": "arn:aws:wafv2:us-east-1:108139614258:global/ipset/AmStackMlpEuPreprod02ObservabilityIPSet/77626cff-2dc9-4b1d-9082-84c7da66f915"
            }
        },
        "Action": {
            "Allow": {}
        },
        "VisibilityConfig": {
            "SampledRequestsEnabled": true,
            "CloudWatchMetricsEnabled": true,
            "MetricName": "AmStackMlpEuPreprod02ObservabilityIPSet"
        }
    },
    {
        "Name": "AmStackMlpEuPreprod02BlacklistedIPsIPSet",
        "Priority": 1,
        "Statement": {
            "IPSetReferenceStatement": {
                "ARN": "arn:aws:wafv2:us-east-1:108139614258:global/ipset/AmStackMlpEuPreprod02BlacklistedIPsIPSet/4c32bbef-ceb7-4f5b-9296-e8e6a1ee0403"
            }
        },
        "Action": {
            "Block": {}
        },
        "VisibilityConfig": {
            "SampledRequestsEnabled": true,
            "CloudWatchMetricsEnabled": true,
            "MetricName": "AmStackMlpEuPreprod02BlacklistedIPsIPSet"
        }
    },
    {
        "Name": "AWS-AWSManagedRulesKnownBadInputsRuleSet",
        "Priority": 2,
        "Statement": {
            "ManagedRuleGroupStatement": {
                "VendorName": "AWS",
                "Name": "AWSManagedRulesKnownBadInputsRuleSet"
            }
        },
        "OverrideAction": {
            "None": {}
        },
        "VisibilityConfig": {
            "SampledRequestsEnabled": true,
            "CloudWatchMetricsEnabled": true,
            "MetricName": "AWS-AWSManagedRulesKnownBadInputsRuleSet"
        }
    },
    {
        "Name": "AmStackMlpEuPreprod02MonitoringRateLimit",
        "Priority": 3,
        "Statement": {
            "RateBasedStatement": {
                "Limit": 2000,
                "AggregateKeyType": "IP"
            }
        },
        "Action": {
            "Block": {}
        },
        "VisibilityConfig": {
            "SampledRequestsEnabled": true,
            "CloudWatchMetricsEnabled": true,
            "MetricName": "AmStackMlpEuPreprod02MonitoringRateLimit"
        }
    }
]