[{
    "Name": "AmStackMlpEuProd01ObservabilityIPSet",
    "Priority": 0,
    "Statement": {
        "IPSetReferenceStatement": {
            "ARN": "arn:aws:wafv2:us-east-1:859146873948:global/ipset/AmStackMlpEuProd01ObservabilityIPSet/a848e892-2ad5-48b8-9e2e-e28bbde22e34"
        }
    },
    "Action": {
        "Allow": {}
    },
    "VisibilityConfig": {
        "SampledRequestsEnabled": true,
        "CloudWatchMetricsEnabled": true,
        "MetricName": "AmStackMlpEuProd01ObservabilityIPSet"
    }
},
{
    "Name": "AmStackMlpEuProd01BlacklistedIPsIPSet",
    "Priority": 1,
    "Statement": {
        "IPSetReferenceStatement": {
            "ARN": "arn:aws:wafv2:us-east-1:859146873948:global/ipset/AmStackMlpEuProd01BlacklistedIPsIPSet/e674faa9-9977-44b9-84bd-5d0586f123d2"
        }
    },
    "Action": {
        "Block": {}
    },
    "VisibilityConfig": {
        "SampledRequestsEnabled": true,
        "CloudWatchMetricsEnabled": true,
        "MetricName": "AmStackMlpEuProd01BlacklistedIPsIPSet"
    }
},
{
    "Name": "AWS-AWSManagedRulesKnownBadInputsRuleSet",
    "Priority": 2,
    "Statement": {
        "ManagedRuleGroupStatement": {
            "VendorName": "AWS",
            "Name": "AWSManagedRulesKnownBadInputsRuleSet"
        }
    },
    "OverrideAction": {
        "None": {}
    },
    "VisibilityConfig": {
        "SampledRequestsEnabled": true,
        "CloudWatchMetricsEnabled": true,
        "MetricName": "AWS-AWSManagedRulesKnownBadInputsRuleSet"
    }
},
{
    "Name": "AmStackMlpEuProd01MonitoringRateLimit",
    "Priority": 3,
    "Statement": {
        "RateBasedStatement": {
            "Limit": 2000,
            "AggregateKeyType": "IP"
        }
    },
    "Action": {
        "Block": {}
    },
    "VisibilityConfig": {
        "SampledRequestsEnabled": true,
        "CloudWatchMetricsEnabled": true,
        "MetricName": "AmStackMlpEuProd01MonitoringRateLimit"
    }
}
]