EU,ManagementZone,PROD,Y,bash macsetup.sh -r eu-central-1 -l resources -e prod01-mlpeu-prod  --reset-terraform true -s mz-mlpeu
EU,WebApplication,PROD,Y,bash macsetup.sh -r eu-central-1 -l resources -e prod01-mlpeu-prod  --reset-terraform true -s web-app-mlpeu
EU,HTTPMonitors,PROD,Y,bash macsetup.sh -r eu-central-1 -l resources -e prod01-mlpeu-prod  --reset-terraform true -s monitors-mlpeu
EU,Dashboards,PROD,Y,bash macsetup.sh -r eu-central-1 -l resources -e prod01-mlpeu-prod  --reset-terraform true -s common-dashboards-mlpeu
EU,Dashboards,PROD,Y,bash macsetup.sh -r eu-central-1 -l resources -e prod01-mlpeu-prod  --reset-terraform true -s decoupled-frontend-mlpeu
EU,Dashboards,PROD,Y,bash macsetup.sh -r eu-central-1 -l resources -e prod01-mlpeu-prod  --reset-terraform true -s orders-mlpeu
EU,Dashboards,PROD,Y,bash macsetup.sh -r eu-central-1 -l resources -e prod01-mlpeu-prod  --reset-terraform true -s api-mlpeu
EU,Dashboards,PROD,Y,bash macsetup.sh -r eu-central-1 -l resources -e prod01-mlpeu-prod  --reset-terraform true -s sfapi-mlpeu
EU,Alerts,PROD,Y,bash macsetup.sh -r eu-central-1 -l resources -e prod01-mlpeu-prod  --reset-terraform true -s alerts-mlpeu
EU,AlertingProfile,PROD,Y,bash macsetup.sh -r eu-central-1 -l resources -e prod01-mlpeu-prod  --reset-terraform true -s alerting-profile-mlpeu
