EU,ManagementZone,PREPROD,Y,bash macsetup.sh -r eu-central-1 -l resources -e preprod02-mlpeu-nft  --reset-terraform true -s mz-mlpeu
EU,WebApplication,PREPROD,Y,bash macsetup.sh -r eu-central-1 -l resources -e preprod02-mlpeu-nft  --reset-terraform true -s web-app-mlpeu
EU,HTTPMonitors,PREPROD,Y,bash macsetup.sh -r eu-central-1 -l resources -e preprod02-mlpeu-nft  --reset-terraform true -s monitors-mlpeu
EU,Dashboards,PREPROD,Y,bash macsetup.sh -r eu-central-1 -l resources -e preprod02-mlpeu-nft  --reset-terraform true -s common-dashboards-mlpeu
EU,Dashboards,PREPROD,Y,bash macsetup.sh -r eu-central-1 -l resources -e preprod02-mlpeu-nft  --reset-terraform true -s decoupled-frontend-mlpeu
EU,Dashboards,PREPROD,Y,bash macsetup.sh -r eu-central-1 -l resources -e preprod02-mlpeu-nft  --reset-terraform true -s orders-mlpeu
EU,Dashboards,PREPROD,Y,bash macsetup.sh -r eu-central-1 -l resources -e preprod02-mlpeu-nft  --reset-terraform true -s api-mlpeu
EU,Dashboards,PREPROD,Y,bash macsetup.sh -r eu-central-1 -l resources -e preprod02-mlpeu-nft  --reset-terraform true -s sfapi-mlpeu
EU,Alerts,PREPROD,Y,bash macsetup.sh -r eu-central-1 -l resources -e preprod02-mlpeu-nft  --reset-terraform true -s alerts-mlpeu
EU,AlertingProfile,PREPROD,Y,bash macsetup.sh -r eu-central-1 -l resources -e preprod02-mlpeu-nft  --reset-terraform true -s alerting-profile-mlpeu
