[
    {
        "Name": "AWS-AWSManagedRulesKnownBadInputsRuleSet",
        "Priority": 0,
        "Statement": {
            "ManagedRuleGroupStatement": {
                "VendorName": "AWS",
                "Name": "AWSManagedRulesKnownBadInputsRuleSet"
            }
        },
        "OverrideAction": {
            "None": {}
        },
        "VisibilityConfig": {
            "SampledRequestsEnabled": true,
            "CloudWatchMetricsEnabled": true,
            "MetricName": "AWS-AWSManagedRulesKnownBadInputsRuleSet"
        }
    },
    {
        "Name": "AmStackMlpEuPreprod02BlacklistedIPsIPSet",
        "Priority": 1,
        "Statement": {
            "IPSetReferenceStatement": {
                "ARN": "arn:aws:wafv2:us-east-1:108139614258:global/ipset/AmStackMlpEuPreprod02BlacklistedIPsIPSet/4c32bbef-ceb7-4f5b-9296-e8e6a1ee0403"
            }
        },
        "Action": {
            "Block": {}
        },
        "VisibilityConfig": {
            "SampledRequestsEnabled": true,
            "CloudWatchMetricsEnabled": true,
            "MetricName": "AmStackMlpEuPreprod02AmwayIPsIPSet"
        }
    },
    {
        "Name": "AmStackMlpEuPreprod02AmwayIPsIPSet",
        "Priority": 2,
        "Statement": {
            "IPSetReferenceStatement": {
                "ARN": "arn:aws:wafv2:us-east-1:108139614258:global/ipset/AmStackMlpEuPreprod02AmwayIPsIPSet/070c0a57-2c67-4f1d-845a-5f59febcb747"
            }
        },
        "Action": {
            "Allow": {}
        },
        "VisibilityConfig": {
            "SampledRequestsEnabled": true,
            "CloudWatchMetricsEnabled": true,
            "MetricName": "AmStackMlpEuPreprod02AmwayIPsIPSet"
        }
    },
    {
        "Name": "AmStackMlpEuPreprod02WhitelistedIPsIPSet",
        "Priority": 3,
        "Statement": {
            "IPSetReferenceStatement": {
                "ARN": "arn:aws:wafv2:us-east-1:108139614258:global/ipset/AmStackMlpEuPreprod02WhitelistedIPsIPSet/fe90dee0-f2db-4f87-849d-24f2acf8db6a"
    
            }
        },
        "Action": {
            "Allow": {}
        },
        "VisibilityConfig": {
            "SampledRequestsEnabled": true,
            "CloudWatchMetricsEnabled": true,
            "MetricName": "AmStackMlpEuPreprod02WhitelistedIPsIPSet"
        }
    },
    {
        "Name": "mlpeu-uat-bo-ratelimit",
        "Priority": 4,
        "Statement": {
            "RateBasedStatement": {
                "Limit": 2000,
                "AggregateKeyType": "IP"
            }
        },
        "Action": {
            "Block": {}
        },
        "VisibilityConfig": {
            "SampledRequestsEnabled": true,
            "CloudWatchMetricsEnabled": true,
            "MetricName": "mlpeu-uat-bo-ratelimit"
        }
    }
]
