[
    {
        "Name": "AWS-AWSManagedRulesKnownBadInputsRuleSet",
        "Priority": 0,
        "Statement": {
            "ManagedRuleGroupStatement": {
                "VendorName": "AWS",
                "Name": "AWSManagedRulesKnownBadInputsRuleSet"
            }
        },
        "OverrideAction": {
            "None": {}
        },
        "VisibilityConfig": {
            "SampledRequestsEnabled": true,
            "CloudWatchMetricsEnabled": true,
            "MetricName": "AWS-AWSManagedRulesKnownBadInputsRuleSet"
        }
    },
    {
        "Name": "AmStackMlpEuProd01BlacklistedIPsIPSet",
        "Priority": 1,
        "Statement": {
            "IPSetReferenceStatement": {
                "ARN": "arn:aws:wafv2:us-east-1:859146873948:global/ipset/AmStackMlpEuProd01BlacklistedIPsIPSet/e674faa9-9977-44b9-84bd-5d0586f123d2"
            }
        },
        "Action": {
            "Block": {}
        },
        "VisibilityConfig": {
            "SampledRequestsEnabled": true,
            "CloudWatchMetricsEnabled": true,
            "MetricName": "AmStackMlpEuProd01AmwayIPsIPSet"
        }
    },
    {
        "Name": "AmStackMlpEuProd01AmwayIPsIPSet",
        "Priority": 2,
        "Statement": {
            "IPSetReferenceStatement": {
                "ARN": "arn:aws:wafv2:us-east-1:859146873948:global/ipset/AmStackMlpEuProd01AmwayIPsIPSet/69f17e2c-df6c-43e9-a6b6-24b81e63ed81"
            }
        },
        "Action": {
            "Allow": {}
        },
        "VisibilityConfig": {
            "SampledRequestsEnabled": true,
            "CloudWatchMetricsEnabled": true,
            "MetricName": "AmStackMlpEuProd01AmwayIPsIPSet"
        }
    },
    {
        "Name": "AmStackMlpEuProd01WhitelistedIPsIPSet",
        "Priority": 3,
        "Statement": {
            "IPSetReferenceStatement": {
                "ARN": "arn:aws:wafv2:us-east-1:859146873948:global/ipset/AmStackMlpEuProd01WhitelistedIPsIPSet/4b3e5fb6-5824-425e-b996-6b8713a94268"
            }
        },
        "Action": {
            "Allow": {}
        },
        "VisibilityConfig": {
            "SampledRequestsEnabled": true,
            "CloudWatchMetricsEnabled": true,
            "MetricName": "AmStackMlpEuProd01WhitelistedIPsIPSet"
        }
    },
    {
        "Name": "mlpeu-prod-media-ratelimit",
        "Priority": 4,
        "Statement": {
            "RateBasedStatement": {
                "Limit": 2000,
                "AggregateKeyType": "IP"
            }
        },
        "Action": {
            "Block": {}
        },
        "VisibilityConfig": {
            "SampledRequestsEnabled": true,
            "CloudWatchMetricsEnabled": true,
            "MetricName": "mlpeu-prod-media-ratelimit"
        }
    }
]