[
    {"Key": "ApplicationID", "Value": "APP3001096"},
    {"Key": "Purpose", "Value": "AmStack Base IaC: Additional Cidr for Preprod02"},
    {"Key": "SubProject", "Value": "Base"},
    {"Key": "Department", "Value": "Base"},
    {"Key": "Project", "Value": "AmStackCore"},
    {"Key": "Region", "Value": "Euc1"},
    {"Key": "CreatedUsing", "Value": "Cloudformation"},
    {"Key": "AwsAccount", "Value": "108139614258"},
    {"Key": "Environment", "Value": "Preprod02"},
    {"Key": "Contact", "Value": "SreCore@amway.com"}
]