[
    {
        "Name": "AmStackMlpEuPreprod02PosBossIPsIPSet",
        "Priority": 0,
        "Statement": {
            "IPSetReferenceStatement": {
                "ARN": "arn:aws:wafv2:us-east-1:108139614258:global/ipset/AmStackMlpEuPreprod02PosBossIPsIPSet/5a4d2faa-8264-469f-9db9-c343f0128470"
    
            }
        },
        "Action": {
            "Allow": {}
        },
        "VisibilityConfig": {
            "SampledRequestsEnabled": true,
            "CloudWatchMetricsEnabled": true,
            "MetricName": "AmStackMlpEuPreprod02PosBossIPsIPSet"
        }
    }
]
